[
  {
    "value": "General",
    "synonyms": [
      "General",
      "anything"
    ]
  },
  {
    "value": "Books",
    "synonyms": [
      "Books",
      "book",
      "paperback",
      "library",
      "hardcover",
      "publishing"
    ]
  },
  {
    "value": "Movies",
    "synonyms": [
      "Movies",
      "films",
      "theater",
      "film"
    ]
  },
  {
    "value": "TV",
    "synonyms": [
      "TV",
      "television",
      "tv shows",
      "shows"
    ]
  },
  {
    "value": "Video Games",
    "synonyms": [
      "Video Games",
      "games",
      "video games",
      "nintendo",
      "xbox",
      "playstation"
    ]
  },
  {
    "value": "Science",
    "synonyms": [
      "Science",
      "nature",
      "forest"
    ]
  },
  {
    "value": "Mythology",
    "synonyms": [
      "Mythology",
      "greek mythology",
      "myth",
      "greek"
    ]
  },
  {
    "value": "History",
    "synonyms": [
      "History",
      "past",
      "ancient"
    ]
  },
  {
    "value": "Politics",
    "synonyms": [
      "Politics",
      "politics",
      "president",
      "sentate",
      "senate",
      "congress"
    ]
  }
]