[
  {
    "id": "fe88ff26-238d-4770-8702-5e67dd992623",
    "data": [
      {
        "text": "no",
        "userDefined": false
      }
    ],
    "isTemplate": false,
    "count": 0,
    "updated": 1545062009
  },
  {
    "id": "e6c5b123-8fce-4c48-add3-957e38ec4375",
    "data": [
      {
        "text": "never",
        "userDefined": false
      }
    ],
    "isTemplate": false,
    "count": 0,
    "updated": 1545062009
  },
  {
    "id": "cf093e03-5e27-443e-aa96-60f12e7f5842",
    "data": [
      {
        "text": "nope",
        "userDefined": false
      }
    ],
    "isTemplate": false,
    "count": 0,
    "updated": 1545062009
  },
  {
    "id": "094f35d2-73b7-4139-b0a2-6ca0f89c1142",
    "data": [
      {
        "text": "not a chance",
        "userDefined": false
      }
    ],
    "isTemplate": false,
    "count": 0,
    "updated": 1545062009
  },
  {
    "id": "94a7bc26-fa61-4f9f-b245-bfd070a759f8",
    "data": [
      {
        "text": "nah",
        "userDefined": false
      }
    ],
    "isTemplate": false,
    "count": 0,
    "updated": 1545062009
  }
]