[
  {
    "id": "b6d3b047-81ae-4df0-b7f0-32c7076b22ac",
    "data": [
      {
        "text": "i\u0027d like ",
        "userDefined": false
      },
      {
        "text": "4",
        "alias": "number",
        "meta": "@sys.number",
        "userDefined": false
      }
    ],
    "isTemplate": false,
    "count": 0,
    "updated": 1545062087
  },
  {
    "id": "dc3759a7-4c8f-4bcd-8a31-627a2bd07fc6",
    "data": [
      {
        "text": "give me ",
        "userDefined": false
      },
      {
        "text": "10",
        "alias": "number",
        "meta": "@sys.number",
        "userDefined": false
      }
    ],
    "isTemplate": false,
    "count": 0,
    "updated": 1545062087
  },
  {
    "id": "8c2e1769-c793-479c-bed2-835a341a4303",
    "data": [
      {
        "text": "hit me with ",
        "userDefined": false
      },
      {
        "text": "2",
        "alias": "number",
        "meta": "@sys.number",
        "userDefined": false
      }
    ],
    "isTemplate": false,
    "count": 0,
    "updated": 1545062087
  },
  {
    "id": "eea2961e-9bca-4dc6-943c-e5c1a3a237a5",
    "data": [
      {
        "text": "3",
        "alias": "number",
        "meta": "@sys.number",
        "userDefined": false
      },
      {
        "text": " is just right",
        "userDefined": false
      }
    ],
    "isTemplate": false,
    "count": 0,
    "updated": 1545062087
  },
  {
    "id": "180b56a2-5a50-4ac3-bfb9-cafa726e22ec",
    "data": [
      {
        "text": "2",
        "alias": "number",
        "meta": "@sys.number",
        "userDefined": false
      }
    ],
    "isTemplate": false,
    "count": 0,
    "updated": 1545062087
  },
  {
    "id": "82abd839-a250-4d60-aaa0-3bbb1b72d36d",
    "data": [
      {
        "text": "1",
        "alias": "number",
        "meta": "@sys.number",
        "userDefined": false
      }
    ],
    "isTemplate": false,
    "count": 0,
    "updated": 1545062087
  }
]