[
  {
    "id": "aba04ce3-a0f4-4630-9916-ff276720dfb7",
    "data": [
      {
        "text": "i want to play",
        "userDefined": false
      }
    ],
    "isTemplate": false,
    "count": 0,
    "updated": 1545062134
  },
  {
    "id": "be0bd0ca-7471-465b-ad54-096505f9bac2",
    "data": [
      {
        "text": "let me play",
        "userDefined": false
      }
    ],
    "isTemplate": false,
    "count": 0,
    "updated": 1545062134
  },
  {
    "id": "45b90393-bbbc-4cdf-b107-4e6da68cb6a8",
    "data": [
      {
        "text": "more trivia",
        "userDefined": false
      }
    ],
    "isTemplate": false,
    "count": 0,
    "updated": 1545062134
  },
  {
    "id": "59c4817e-7651-4fe6-a18c-6b951e785c1d",
    "data": [
      {
        "text": "trivia",
        "userDefined": false
      }
    ],
    "isTemplate": false,
    "count": 0,
    "updated": 1545062134
  },
  {
    "id": "4ec9e83f-5127-436f-bc70-90c41d9d4d63",
    "data": [
      {
        "text": "can I have more questions?",
        "userDefined": false
      }
    ],
    "isTemplate": false,
    "count": 0,
    "updated": 1545062134
  },
  {
    "id": "dfc7e99b-bf58-4141-acb5-d36494d0f18d",
    "data": [
      {
        "text": "play again",
        "userDefined": false
      }
    ],
    "isTemplate": false,
    "count": 0,
    "updated": 1545062134
  },
  {
    "id": "ed13fe13-5d61-4f93-b901-58e488bde3fc",
    "data": [
      {
        "text": "quiz me",
        "userDefined": false
      }
    ],
    "isTemplate": false,
    "count": 0,
    "updated": 1545062134
  }
]