[
  {
    "id": "f128bc77-4600-42ef-8d94-e2641b0278a7",
    "data": [
      {
        "text": "give me ",
        "userDefined": false
      },
      {
        "text": "politics",
        "alias": "TriviaCategory",
        "meta": "@TriviaCategory",
        "userDefined": false
      }
    ],
    "isTemplate": false,
    "count": 0,
    "updated": 1545063380
  },
  {
    "id": "a475b520-f5e7-4f37-9cc2-e57b71d1dce8",
    "data": [
      {
        "text": "general",
        "alias": "TriviaCategory",
        "meta": "@TriviaCategory",
        "userDefined": false
      }
    ],
    "isTemplate": false,
    "count": 0,
    "updated": 1545063380
  },
  {
    "id": "c1a6cd4d-5eaf-413e-b922-4c8c72fd9816",
    "data": [
      {
        "text": "books",
        "alias": "TriviaCategory",
        "meta": "@TriviaCategory",
        "userDefined": false
      }
    ],
    "isTemplate": false,
    "count": 0,
    "updated": 1545063380
  },
  {
    "id": "3ca7aea3-398a-445f-9b79-9a5442b8e5d9",
    "data": [
      {
        "text": "movies",
        "alias": "TriviaCategory",
        "meta": "@TriviaCategory",
        "userDefined": false
      }
    ],
    "isTemplate": false,
    "count": 0,
    "updated": 1545063380
  },
  {
    "id": "b0e6e9e3-c017-4663-b330-ea5cad3a6bcc",
    "data": [
      {
        "text": "tv",
        "alias": "TriviaCategory",
        "meta": "@TriviaCategory",
        "userDefined": false
      }
    ],
    "isTemplate": false,
    "count": 0,
    "updated": 1545063380
  }
]