[
  {
    "id": "019783f2-f47a-4c78-b1b4-48b5f0cf9495",
    "data": [
      {
        "text": "lies",
        "alias": "TrueFalse",
        "meta": "@TrueFalse",
        "userDefined": true
      }
    ],
    "isTemplate": false,
    "count": 0,
    "updated": 1545063450
  },
  {
    "id": "d31bfa2e-3224-41bf-b77b-e951e1436f27",
    "data": [
      {
        "text": "false",
        "alias": "TrueFalse",
        "meta": "@TrueFalse",
        "userDefined": true
      }
    ],
    "isTemplate": false,
    "count": 0,
    "updated": 1545063450
  },
  {
    "id": "0ca64887-f990-4d60-be00-3e1fbaf54985",
    "data": [
      {
        "text": "that\u0027s ",
        "userDefined": false
      },
      {
        "text": "true",
        "alias": "TrueFalse",
        "meta": "@TrueFalse",
        "userDefined": true
      }
    ],
    "isTemplate": false,
    "count": 0,
    "updated": 1545063450
  }
]