[
  {
    "id": "4a5ca3dd-bec2-4b01-b3ea-19bc181101bc",
    "data": [
      {
        "text": "yup",
        "userDefined": false
      }
    ],
    "isTemplate": false,
    "count": 0,
    "updated": 1545062206
  },
  {
    "id": "42f46cc8-a5e9-431c-9aa8-fdcd36e74961",
    "data": [
      {
        "text": "yeah",
        "userDefined": false
      }
    ],
    "isTemplate": false,
    "count": 0,
    "updated": 1545062206
  },
  {
    "id": "f55c3608-d27e-44ab-97b5-5599a970e0a7",
    "data": [
      {
        "text": "of course",
        "userDefined": false
      }
    ],
    "isTemplate": false,
    "count": 0,
    "updated": 1545062206
  },
  {
    "id": "79f82b9b-0528-4f4e-b245-3822068028ca",
    "data": [
      {
        "text": "for sure",
        "userDefined": false
      }
    ],
    "isTemplate": false,
    "count": 0,
    "updated": 1545062206
  },
  {
    "id": "f6d000f3-81ea-4147-abe5-e284b0dabc6b",
    "data": [
      {
        "text": "yes",
        "userDefined": false
      }
    ],
    "isTemplate": false,
    "count": 0,
    "updated": 1545062206
  }
]